                  epoch,         train/box_loss,         train/cls_loss,         train/dfl_loss,   metrics/precision(B),      metrics/recall(B),       metrics/mAP50(B),    metrics/mAP50-95(B),           val/box_loss,           val/cls_loss,           val/dfl_loss,                 lr/pg0,                 lr/pg1,                 lr/pg2
                      1,                 1.4156,                 3.2561,                  1.132,                0.00333,                      1,                0.51999,                0.25741,                 1.1841,                 3.9715,                 0.9714,                0.00034,                0.00034,                0.00034
                      2,                 1.2907,                 1.7864,                 1.1294,                0.00327,                0.98148,                0.10379,                0.04032,                 1.2444,                 4.3729,                 1.0171,             0.00069861,             0.00069861,             0.00069861
                      3,                 1.2658,                 1.5908,                 1.1477,                0.00216,                0.64815,                0.08393,                0.06883,                  1.892,                 4.9297,                 1.6952,              0.0010558,              0.0010558,              0.0010558
                      4,                 1.2391,                 1.3534,                 1.1338,                0.00173,                0.51852,                0.03973,                 0.0294,                 2.3326,                 4.7002,                 1.7318,              0.0014116,              0.0014116,              0.0014116
                      5,                 1.1676,                 1.2075,                 1.1016,                0.94934,                0.77778,                0.89851,                0.52357,                 1.3302,                 1.9831,                 1.1419,              0.0017659,              0.0017659,              0.0017659
                      6,                 1.1664,                 1.0961,                 1.1252,                0.55719,                0.09259,                0.12481,                0.06773,                 2.2624,                 3.4735,                 2.1892,              0.0019802,              0.0019802,              0.0019802
                      7,                 1.1794,                0.96296,                 1.1034,                0.25409,                0.10737,                 0.1228,                0.04794,                 2.2767,                 3.3919,                  1.802,              0.0019762,              0.0019762,              0.0019762
                      8,                 1.1702,                0.86674,                 1.1124,                0.92951,                0.97679,                0.98747,                0.63745,                 1.2423,                0.89361,                 1.1438,              0.0019723,              0.0019723,              0.0019723
                      9,                 1.1286,                0.78633,                 1.0871,                0.99703,                0.90741,                0.98324,                0.59077,                 1.4034,                0.87028,                 1.2179,              0.0019683,              0.0019683,              0.0019683
                     10,                 1.1697,                0.77407,                 1.1186,                0.82448,                0.83333,                 0.9121,                0.42155,                 1.7305,                 1.0835,                 1.4327,              0.0019644,              0.0019644,              0.0019644
                     11,                 1.1359,                0.73903,                 1.0981,                 0.9956,                0.90741,                0.97852,                 0.6339,                 1.3556,                0.80459,                 1.1827,              0.0019604,              0.0019604,              0.0019604
                     12,                 1.1079,                0.70313,                 1.0935,                0.99443,                0.96296,                0.99187,                0.62434,                 1.3009,                0.81343,                 1.1614,              0.0019564,              0.0019564,              0.0019564
                     13,                 1.1369,                0.69105,                 1.0804,                0.70602,                0.53376,                0.63368,                0.37504,                 1.7673,                 1.9489,                 1.3762,              0.0019525,              0.0019525,              0.0019525
                     14,                 1.0922,                0.66713,                 1.0683,                      1,                0.85106,                0.94762,                0.52889,                 1.4969,                0.92345,                 1.2369,              0.0019485,              0.0019485,              0.0019485
                     15,                  1.084,                0.63317,                 1.0804,                0.95552,                0.94444,                0.98294,                0.63346,                 1.2267,                0.73237,                 1.1047,              0.0019446,              0.0019446,              0.0019446
                     16,                 1.0723,                0.62171,                 1.0785,                0.96034,                      1,                 0.9939,                0.69718,                 1.1651,                0.63158,                 1.1051,              0.0019406,              0.0019406,              0.0019406
                     17,                 1.0494,                0.58865,                 1.0763,                0.96164,                      1,                0.99409,                0.65004,                 1.2656,                0.63915,                 1.1291,              0.0019366,              0.0019366,              0.0019366
                     18,                 1.0459,                0.59251,                 1.0536,                0.99863,                      1,                  0.995,                0.65726,                 1.2188,                0.59369,                 1.1193,              0.0019327,              0.0019327,              0.0019327
                     19,                 1.0602,                0.59788,                 1.0692,                0.99688,                      1,                  0.995,                0.69617,                 1.1352,                0.52413,                 1.0722,              0.0019287,              0.0019287,              0.0019287
                     20,                 1.0739,                0.60055,                 1.0961,                0.99885,                      1,                  0.995,                0.63169,                 1.2697,                0.53656,                 1.1562,              0.0019248,              0.0019248,              0.0019248
                     21,                 1.0678,                0.57232,                 1.0782,                0.96362,                0.98108,                0.99152,                0.63666,                 1.2609,                 0.6323,                 1.1385,              0.0019208,              0.0019208,              0.0019208
                     22,                 1.0265,                0.57244,                 1.0579,                0.99726,                      1,                  0.995,                0.59064,                 1.4154,                0.61968,                 1.2106,              0.0019168,              0.0019168,              0.0019168
                     23,                 1.0433,                0.57005,                 1.0633,                0.98122,                0.96737,                0.99394,                0.67429,                 1.2046,                0.58955,                 1.1188,              0.0019129,              0.0019129,              0.0019129
                     24,                 1.0417,                0.56504,                 1.0658,                0.98519,                      1,                  0.995,                0.65552,                 1.2466,                0.54884,                 1.1126,              0.0019089,              0.0019089,              0.0019089
                     25,                 1.0228,                0.54699,                 1.0519,                0.96223,                0.92593,                 0.9865,                0.63421,                 1.2658,                0.62695,                 1.1041,               0.001905,               0.001905,               0.001905
                     26,                 1.0039,                0.53562,                 1.0399,                      1,                0.98126,                  0.994,                0.63596,                 1.2505,                0.52967,                 1.1212,               0.001901,               0.001901,               0.001901
                     27,                0.98437,                0.51776,                 1.0466,                0.99597,                      1,                  0.995,                0.58903,                 1.3177,                 0.5616,                 1.1799,               0.001897,               0.001897,               0.001897
                     28,                 1.0326,                0.54405,                 1.0642,                0.99776,                      1,                  0.995,                0.68465,                 1.1889,                 0.5368,                 1.1019,              0.0018931,              0.0018931,              0.0018931
                     29,                  1.012,                0.55007,                 1.0673,                0.95345,                0.98148,                0.99263,                0.67033,                 1.1976,                0.55612,                 1.0894,              0.0018891,              0.0018891,              0.0018891
                     30,                0.98287,                  0.535,                 1.0575,                 0.9791,                      1,                0.99373,                0.71298,                 1.1334,                0.48487,                 1.0694,              0.0018852,              0.0018852,              0.0018852
                     31,                 1.0258,                0.53553,                 1.0581,                0.99668,                      1,                  0.995,                0.66768,                  1.221,                0.52319,                 1.1247,              0.0018812,              0.0018812,              0.0018812
                     32,                0.99488,                0.51913,                 1.0513,                0.99811,                      1,                  0.995,                0.68206,                 1.2129,                0.49789,                 1.1195,              0.0018772,              0.0018772,              0.0018772
                     33,                 1.0063,                 0.5289,                 1.0383,                0.95096,                0.85185,                0.92613,                0.53711,                 1.3697,                0.74612,                 1.1689,              0.0018733,              0.0018733,              0.0018733
                     34,                0.96882,                0.50681,                   1.05,                0.99896,                      1,                  0.995,                0.66292,                 1.2277,                0.51745,                 1.1347,              0.0018693,              0.0018693,              0.0018693
                     35,                0.98706,                0.51545,                 1.0431,                0.99602,                      1,                  0.995,                0.66495,                 1.1801,                0.51173,                 1.1105,              0.0018654,              0.0018654,              0.0018654
                     36,                0.97592,                0.51858,                 1.0264,                0.99752,                      1,                  0.995,                0.71949,                 1.1364,                0.47347,                 1.0788,              0.0018614,              0.0018614,              0.0018614
                     37,                0.96459,                 0.4943,                  1.028,                0.99794,                      1,                  0.995,                0.67912,                 1.1654,                0.47451,                 1.0959,              0.0018574,              0.0018574,              0.0018574
                     38,                0.97801,                 0.5005,                 1.0303,                0.99882,                      1,                  0.995,                0.69723,                 1.1166,                0.46391,                 1.0592,              0.0018535,              0.0018535,              0.0018535
                     39,                0.96248,                0.50233,                 1.0205,                0.98019,                      1,                0.99373,                0.68208,                 1.1253,                0.48675,                 1.0801,              0.0018495,              0.0018495,              0.0018495
                     40,                0.94497,                0.49515,                 1.0314,                0.99784,                0.96296,                0.98785,                0.68659,                 1.2082,                0.51298,                 1.0935,              0.0018456,              0.0018456,              0.0018456
                     41,                0.93393,                0.48221,                 1.0323,                0.99945,                      1,                  0.995,                0.71403,                 1.1465,                0.47304,                 1.0751,              0.0018416,              0.0018416,              0.0018416
                     42,                  0.994,                0.50522,                 1.0424,                0.98109,                0.92593,                 0.9822,                 0.6644,                 1.2268,                0.54227,                  1.107,              0.0018376,              0.0018376,              0.0018376
                     43,                 1.0243,                0.52095,                 1.0652,                      1,                0.99778,                  0.995,                0.71619,                 1.0851,                0.45961,                 1.0547,              0.0018337,              0.0018337,              0.0018337
                     44,                 0.9612,                  0.496,                 1.0364,                0.99461,                0.94444,                0.98005,                0.64002,                 1.2588,                0.56613,                 1.1192,              0.0018297,              0.0018297,              0.0018297
                     45,                0.93582,                0.48089,                  1.023,                      1,                0.99933,                  0.995,                0.66205,                 1.2604,                0.51332,                 1.1254,              0.0018258,              0.0018258,              0.0018258
                     46,                0.95691,                0.49136,                 1.0245,                0.99575,                      1,                  0.995,                0.68437,                 1.2232,                0.49307,                 1.1225,              0.0018218,              0.0018218,              0.0018218
                     47,                0.92693,                0.48615,                 1.0181,                0.99771,                      1,                  0.995,                0.67333,                 1.2285,                0.50347,                   1.14,              0.0018178,              0.0018178,              0.0018178
                     48,                 0.9459,                0.48891,                 1.0264,                0.99884,                      1,                  0.995,                0.67529,                  1.144,                0.49122,                 1.0747,              0.0018139,              0.0018139,              0.0018139
                     49,                 0.9278,                0.47155,                 1.0145,                0.97887,                0.96296,                0.98547,                0.69507,                  1.211,                0.56038,                 1.0967,              0.0018099,              0.0018099,              0.0018099
                     50,                 0.9627,                0.48327,                 1.0356,                0.99731,                      1,                  0.995,                0.72107,                 1.1645,                0.45849,                 1.0815,               0.001806,               0.001806,               0.001806
                     51,                0.91847,                0.46052,                 1.0202,                0.99856,                      1,                  0.995,                 0.6729,                 1.1761,                0.48819,                 1.0891,               0.001802,               0.001802,               0.001802
                     52,                0.97347,                0.48688,                 1.0318,                      1,                0.99863,                  0.995,                0.69676,                 1.2122,                 0.4832,                 1.1146,               0.001798,               0.001798,               0.001798
                     53,                0.91761,                0.46801,                 1.0166,                0.99939,                0.98148,                0.99482,                0.69001,                 1.1515,                0.52546,                 1.0636,              0.0017941,              0.0017941,              0.0017941
                     54,                0.92851,                0.48286,                 1.0118,                0.99829,                      1,                  0.995,                0.71628,                 1.1048,                0.46141,                 1.0592,              0.0017901,              0.0017901,              0.0017901
                     55,                0.94686,                0.48645,                 1.0213,                0.99833,                      1,                  0.995,                0.72237,                 1.1303,                0.44364,                 1.0747,              0.0017862,              0.0017862,              0.0017862
                     56,                0.89787,                0.46041,                 1.0158,                0.99809,                0.98148,                0.99482,                0.67903,                 1.1954,                0.46873,                  1.109,              0.0017822,              0.0017822,              0.0017822
                     57,                0.93774,                0.47576,                 1.0235,                0.99652,                      1,                  0.995,                0.69931,                 1.1142,                0.48347,                 1.0695,              0.0017782,              0.0017782,              0.0017782
                     58,                0.90299,                0.45906,                 1.0102,                0.99743,                      1,                  0.995,                0.69374,                  1.129,                0.47091,                 1.0771,              0.0017743,              0.0017743,              0.0017743
                     59,                0.92172,                0.47516,                 1.0115,                0.99855,                0.98148,                0.99482,                0.71559,                 1.0955,                0.45857,                  1.063,              0.0017703,              0.0017703,              0.0017703
                     60,                0.90524,                0.45956,                 1.0095,                0.98151,                      1,                0.99482,                0.69912,                 1.1692,                0.47044,                 1.0981,              0.0017664,              0.0017664,              0.0017664
                     61,                0.91431,                0.47587,                0.99912,                      1,                0.99897,                  0.995,                0.67754,                 1.2268,                0.50966,                 1.1167,              0.0017624,              0.0017624,              0.0017624
                     62,                0.90326,                0.45734,                 1.0077,                0.99876,                      1,                  0.995,                0.71573,                 1.0942,                0.44538,                 1.0644,              0.0017584,              0.0017584,              0.0017584
                     63,                 0.8797,                0.44801,                 1.0028,                0.99917,                      1,                  0.995,                0.69391,                 1.1603,                0.47592,                 1.0812,              0.0017545,              0.0017545,              0.0017545
                     64,                0.90309,                0.46385,                 1.0099,                 0.9996,                      1,                  0.995,                0.71817,                 1.1502,                0.47081,                 1.0833,              0.0017505,              0.0017505,              0.0017505
                     65,                0.92598,                0.47521,                 1.0066,                0.99791,                      1,                  0.995,                0.65166,                  1.227,                0.51787,                 1.0941,              0.0017466,              0.0017466,              0.0017466
                     66,                0.89192,                0.45664,                 1.0023,                0.99791,                      1,                  0.995,                0.70748,                 1.0719,                0.46701,                 1.0447,              0.0017426,              0.0017426,              0.0017426
                     67,                0.89216,                0.45205,                0.98508,                 0.9981,                      1,                  0.995,                0.69293,                 1.1927,                0.46293,                 1.1032,              0.0017386,              0.0017386,              0.0017386
                     68,                0.90336,                0.46458,                 1.0189,                0.99856,                      1,                  0.995,                0.70235,                 1.1621,                0.46691,                 1.0897,              0.0017347,              0.0017347,              0.0017347
                     69,                0.89238,                 0.4487,                0.99722,                      1,                0.99723,                  0.995,                0.71252,                 1.1245,                0.45734,                 1.0599,              0.0017307,              0.0017307,              0.0017307
                     70,                0.88208,                0.44591,                 1.0007,                 0.9982,                      1,                  0.995,                0.73155,                 1.0769,                 0.4227,                 1.0461,              0.0017268,              0.0017268,              0.0017268
                     71,                 0.9046,                 0.4505,                 1.0099,                 0.9986,                      1,                  0.995,                0.68791,                 1.2172,                0.46946,                 1.1151,              0.0017228,              0.0017228,              0.0017228
                     72,                0.90853,                0.45266,                 1.0065,                0.99875,                      1,                  0.995,                0.67921,                 1.1656,                0.46776,                 1.0963,              0.0017188,              0.0017188,              0.0017188
                     73,                0.88264,                0.44456,                0.99573,                      1,                0.99814,                  0.995,                0.71367,                  1.085,                0.44135,                  1.067,              0.0017149,              0.0017149,              0.0017149
                     74,                0.86552,                0.44748,                0.99234,                0.99849,                      1,                  0.995,                0.70157,                 1.2136,                0.48713,                 1.1156,              0.0017109,              0.0017109,              0.0017109
                     75,                0.87377,                0.44323,                0.99369,                0.99694,                      1,                  0.995,                0.69546,                 1.1547,                 0.4868,                 1.0732,               0.001707,               0.001707,               0.001707
                     76,                0.87958,                0.44857,                0.99315,                0.99887,                      1,                  0.995,                0.71471,                 1.1389,                0.48232,                 1.0703,               0.001703,               0.001703,               0.001703
                     77,                0.89147,                0.45478,                0.98525,                      1,                0.96138,                0.98614,                0.68968,                 1.1765,                0.51005,                  1.092,               0.001699,               0.001699,               0.001699
                     78,                0.90231,                0.45606,                 1.0049,                 0.9986,                      1,                  0.995,                0.72413,                 1.1574,                0.43591,                 1.0886,              0.0016951,              0.0016951,              0.0016951
                     79,                0.87117,                0.42893,                0.99665,                      1,                0.99787,                  0.995,                0.70018,                 1.1155,                0.46396,                 1.0544,              0.0016911,              0.0016911,              0.0016911
                     80,                0.89576,                0.44692,                 1.0084,                0.99932,                      1,                  0.995,                0.69197,                 1.1706,                0.45795,                 1.0889,              0.0016872,              0.0016872,              0.0016872
                     81,                0.89736,                0.45324,                 1.0115,                0.89609,                      1,                0.98377,                0.68254,                 1.2039,                0.61819,                  1.093,              0.0016832,              0.0016832,              0.0016832
                     82,                0.88115,                0.44584,                 0.9929,                0.99896,                      1,                  0.995,                0.70117,                 1.1367,                0.44766,                 1.0675,              0.0016792,              0.0016792,              0.0016792
                     83,                0.85263,                0.43703,                 0.9818,                      1,                0.99907,                  0.995,                0.69363,                 1.1575,                0.48389,                 1.0691,              0.0016753,              0.0016753,              0.0016753
                     84,                 0.8746,                0.43682,                 0.9781,                0.98015,                      1,                0.99445,                0.67423,                 1.1998,                0.49949,                 1.1036,              0.0016713,              0.0016713,              0.0016713
                     85,                 0.8512,                0.42944,                0.98332,                0.99806,                      1,                  0.995,                0.72146,                 1.1178,                0.44362,                 1.0704,              0.0016674,              0.0016674,              0.0016674
                     86,                0.83449,                0.43423,                0.99309,                0.99868,                      1,                  0.995,                0.71186,                 1.0959,                0.40943,                 1.0474,              0.0016634,              0.0016634,              0.0016634
                     87,                0.84349,                0.43044,                0.98371,                0.99919,                      1,                  0.995,                0.70794,                 1.1095,                0.43784,                 1.0417,              0.0016594,              0.0016594,              0.0016594
                     88,                0.83759,                0.43069,                0.97892,                      1,                 0.9991,                  0.995,                0.69058,                 1.1326,                0.44196,                 1.0493,              0.0016555,              0.0016555,              0.0016555
                     89,                0.86025,                0.43782,                0.97069,                0.99869,                0.98148,                  0.994,                0.72402,                 1.1306,                0.45203,                 1.0661,              0.0016515,              0.0016515,              0.0016515
                     90,                0.83489,                0.42778,                0.99058,                      1,                0.99834,                  0.995,                0.67728,                 1.2051,                0.45362,                 1.1147,              0.0016476,              0.0016476,              0.0016476
                     91,                0.82793,                0.42055,                0.97644,                0.97993,                      1,                0.99482,                0.68834,                  1.145,                0.44792,                  1.088,              0.0016436,              0.0016436,              0.0016436
                     92,                0.83652,                0.42102,                0.97994,                      1,                0.99951,                  0.995,                0.71882,                 1.1268,                0.44049,                 1.0629,              0.0016396,              0.0016396,              0.0016396
                     93,                0.86235,                0.43493,                0.98533,                 0.9987,                      1,                  0.995,                0.72949,                 1.1727,                0.42304,                  1.064,              0.0016357,              0.0016357,              0.0016357
                     94,                0.83496,                0.43876,                0.98831,                0.99866,                      1,                  0.995,                0.70107,                  1.184,                  0.445,                 1.0736,              0.0016317,              0.0016317,              0.0016317
                     95,                0.82004,                0.41902,                0.97391,                0.99891,                      1,                  0.995,                0.69516,                 1.2041,                0.44466,                 1.0755,              0.0016278,              0.0016278,              0.0016278
                     96,                0.83185,                0.42129,                0.96887,                0.99877,                      1,                  0.995,                0.71211,                 1.1943,                0.44212,                 1.0914,              0.0016238,              0.0016238,              0.0016238
                     97,                0.81491,                0.42707,                0.98118,                      1,                 0.9998,                  0.995,                0.71746,                 1.1389,                0.43219,                 1.0599,              0.0016198,              0.0016198,              0.0016198
                     98,                0.83202,                 0.4134,                0.96321,                0.99892,                0.98148,                0.99482,                0.73706,                  1.076,                0.43849,                 1.0445,              0.0016159,              0.0016159,              0.0016159
                     99,                0.85519,                0.43145,                0.99288,                0.99582,                0.98148,                0.99482,                0.67811,                 1.1899,                 0.4525,                 1.1002,              0.0016119,              0.0016119,              0.0016119
                    100,                0.79647,                0.41439,                0.95934,                0.98559,                      1,                  0.995,                0.73933,                 1.1417,                0.44195,                   1.08,               0.001608,               0.001608,               0.001608
                    101,                0.82465,                0.41639,                0.97602,                 0.9981,                0.98148,                  0.994,                0.71183,                 1.1648,                0.45551,                 1.0874,               0.001604,               0.001604,               0.001604
                    102,                0.83498,                0.41419,                0.97738,                0.99808,                0.98148,                0.99294,                0.70706,                 1.1385,                0.45764,                 1.0597,                 0.0016,                 0.0016,                 0.0016
                    103,                0.84485,                0.42392,                0.98524,                 0.9981,                0.92593,                0.99145,                 0.6787,                  1.186,                0.54726,                 1.0675,              0.0015961,              0.0015961,              0.0015961
                    104,                0.79853,                0.40566,                0.96486,                0.97824,                0.96296,                0.99075,                0.70985,                 1.1077,                0.50751,                  1.049,              0.0015921,              0.0015921,              0.0015921
                    105,                0.82179,                0.40276,                0.96491,                0.99881,                      1,                  0.995,                0.72216,                 1.0888,                0.40488,                  1.046,              0.0015882,              0.0015882,              0.0015882
                    106,                0.81003,                0.40611,                0.97276,                      1,                 0.9996,                  0.995,                0.71544,                 1.1498,                0.44044,                 1.0812,              0.0015842,              0.0015842,              0.0015842
                    107,                0.84006,                0.42075,                0.99416,                0.99874,                      1,                  0.995,                0.73795,                 1.1439,                0.42629,                  1.084,              0.0015802,              0.0015802,              0.0015802
                    108,                0.80528,                0.40769,                0.97785,                0.97992,                      1,                0.99482,                0.71643,                 1.1385,                0.44428,                 1.0612,              0.0015763,              0.0015763,              0.0015763
                    109,                0.80224,                0.40558,                0.96697,                0.99825,                0.98148,                0.99464,                0.69385,                 1.1481,                0.45698,                 1.0808,              0.0015723,              0.0015723,              0.0015723
                    110,                0.79769,                0.39457,                 0.9686,                0.99876,                      1,                  0.995,                0.75787,                 1.0757,                0.40359,                  1.046,              0.0015684,              0.0015684,              0.0015684
                    111,                0.80929,                0.40083,                0.96493,                0.99851,                      1,                  0.995,                 0.7289,                 1.1554,                0.44818,                 1.0878,              0.0015644,              0.0015644,              0.0015644
                    112,                0.83563,                0.40455,                0.98441,                0.99944,                      1,                  0.995,                0.71773,                  1.116,                0.41734,                 1.0549,              0.0015604,              0.0015604,              0.0015604
                    113,                0.80964,                0.40098,                0.96272,                0.98127,                0.97033,                 0.9941,                0.67045,                 1.1705,                0.47069,                 1.0859,              0.0015565,              0.0015565,              0.0015565
                    114,                   0.83,                0.40958,                0.99224,                0.99943,                      1,                  0.995,                0.71466,                 1.1107,                0.40763,                 1.0424,              0.0015525,              0.0015525,              0.0015525
                    115,                 0.8178,                 0.4051,                0.97403,                0.97902,                      1,                0.99482,                0.72823,                 1.1056,                0.43325,                 1.0449,              0.0015486,              0.0015486,              0.0015486
                    116,                0.82376,                0.40681,                0.98163,                0.99716,                      1,                  0.995,                0.71996,                 1.1428,                 0.4287,                 1.0746,              0.0015446,              0.0015446,              0.0015446
                    117,                0.82008,                0.40655,                0.97565,                0.99133,                      1,                  0.995,                0.70728,                 1.1232,                0.42957,                  1.058,              0.0015406,              0.0015406,              0.0015406
                    118,                0.78488,                0.40367,                0.95472,                0.99867,                      1,                  0.995,                0.71764,                   1.15,                0.42411,                 1.0839,              0.0015367,              0.0015367,              0.0015367
                    119,                0.79007,                0.39365,                0.96443,                0.99877,                      1,                  0.995,                0.73454,                 1.1397,                0.42954,                 1.0677,              0.0015327,              0.0015327,              0.0015327
                    120,                0.81488,                0.40305,                0.97486,                0.99871,                      1,                  0.995,                0.75196,                 1.1074,                0.41771,                 1.0545,              0.0015288,              0.0015288,              0.0015288
                    121,                0.80567,                0.40222,                0.95809,                0.99867,                      1,                  0.995,                0.73367,                 1.1044,                0.42439,                 1.0568,              0.0015248,              0.0015248,              0.0015248
                    122,                0.78864,                0.39907,                0.96698,                0.99594,                      1,                  0.995,                0.72918,                 1.0742,                 0.4122,                  1.029,              0.0015208,              0.0015208,              0.0015208
                    123,                0.82709,                0.40304,                0.96643,                0.99936,                      1,                  0.995,                0.74211,                 1.1054,                0.39211,                 1.0463,              0.0015169,              0.0015169,              0.0015169
                    124,                0.79396,                0.39561,                0.96032,                0.99994,                      1,                  0.995,                0.73411,                 1.0873,                 0.3935,                 1.0522,              0.0015129,              0.0015129,              0.0015129
                    125,                0.78525,                 0.3838,                0.95705,                0.97987,                0.98148,                0.99261,                0.73543,                 1.1163,                0.42596,                 1.0569,               0.001509,               0.001509,               0.001509
                    126,                0.79947,                0.39251,                0.96563,                0.99966,                      1,                  0.995,                0.74038,                 1.1033,                0.39618,                 1.0618,               0.001505,               0.001505,               0.001505
                    127,                0.77147,                0.38164,                0.94967,                0.99865,                      1,                  0.995,                0.70077,                 1.1354,                0.43198,                 1.0831,               0.001501,               0.001501,               0.001501
                    128,                0.80569,                0.40372,                0.95142,                      1,                0.99897,                  0.995,                0.71429,                 1.1208,                0.41606,                 1.0589,              0.0014971,              0.0014971,              0.0014971
                    129,                0.77383,                0.39204,                0.95916,                      1,                0.99904,                  0.995,                  0.744,                 1.0679,                0.42531,                 1.0401,              0.0014931,              0.0014931,              0.0014931
                    130,                 0.7677,                0.38716,                0.94927,                0.99877,                      1,                  0.995,                0.72168,                 1.0883,                0.39679,                 1.0515,              0.0014892,              0.0014892,              0.0014892
                    131,                0.83751,                0.40186,                0.97783,                 0.9987,                      1,                  0.995,                0.71144,                 1.1277,                0.40932,                 1.0695,              0.0014852,              0.0014852,              0.0014852
                    132,                0.79086,                0.39413,                0.95959,                      1,                0.99826,                  0.995,                0.71984,                 1.1162,                0.39836,                 1.0651,              0.0014812,              0.0014812,              0.0014812
                    133,                0.75918,                0.38264,                0.94041,                0.99893,                      1,                  0.995,                 0.7444,                 1.0947,                0.41964,                 1.0554,              0.0014773,              0.0014773,              0.0014773
                    134,                0.79181,                0.39727,                0.96952,                0.99837,                      1,                  0.995,                0.72564,                 1.0934,                0.41501,                  1.046,              0.0014733,              0.0014733,              0.0014733
                    135,                0.73002,                0.37412,                0.92391,                0.99865,                      1,                  0.995,                0.73515,                 1.0467,                0.38773,                  1.025,              0.0014694,              0.0014694,              0.0014694
                    136,                0.74304,                0.37087,                0.94008,                0.99861,                      1,                  0.995,                0.72318,                 1.1069,                0.40125,                 1.0463,              0.0014654,              0.0014654,              0.0014654
                    137,                 0.7671,                0.37941,                0.96202,                0.99607,                      1,                  0.995,                0.73657,                 1.1215,                0.40304,                 1.0441,              0.0014614,              0.0014614,              0.0014614
                    138,                0.76627,                0.38298,                0.93609,                0.99866,                      1,                  0.995,                0.74211,                 1.0707,                0.40391,                 1.0409,              0.0014575,              0.0014575,              0.0014575
                    139,                 0.7648,                0.38676,                0.93933,                0.99876,                      1,                  0.995,                0.75572,                 1.0758,                0.39375,                 1.0397,              0.0014535,              0.0014535,              0.0014535
                    140,                0.75672,                0.38776,                0.95021,                  0.999,                      1,                  0.995,                0.74289,                 1.1176,                0.41419,                 1.0673,              0.0014496,              0.0014496,              0.0014496
                    141,                0.77625,                0.38259,                0.94965,                0.99887,                      1,                  0.995,                0.71867,                 1.1135,                 0.3904,                 1.0472,              0.0014456,              0.0014456,              0.0014456
                    142,                0.77091,                0.37866,                0.94195,                0.99887,                      1,                  0.995,                0.72723,                 1.1087,                0.39698,                 1.0419,              0.0014416,              0.0014416,              0.0014416
                    143,                0.77865,                0.39338,                0.93858,                 0.9947,                      1,                  0.995,                0.71637,                 1.0867,                0.41118,                  1.043,              0.0014377,              0.0014377,              0.0014377
                    144,                 0.7499,                0.37382,                0.94531,                0.99839,                      1,                  0.995,                0.70729,                 1.1423,                 0.4595,                 1.0713,              0.0014337,              0.0014337,              0.0014337
                    145,                0.77132,                0.39156,                 0.9456,                 0.9818,                0.99875,                0.99482,                0.70125,                 1.1617,                0.41259,                 1.0934,              0.0014298,              0.0014298,              0.0014298
                    146,                0.75632,                0.37322,                0.93508,                0.99821,                      1,                  0.995,                0.71811,                 1.1008,                0.39287,                 1.0469,              0.0014258,              0.0014258,              0.0014258
                    147,                0.76954,                0.38571,                0.95671,                 0.9984,                      1,                  0.995,                0.74611,                 1.0353,                0.38576,                 1.0224,              0.0014218,              0.0014218,              0.0014218
                    148,                0.74301,                0.37506,                0.93964,                0.98181,                0.99961,                0.99482,                0.70657,                 1.1726,                0.44295,                 1.0833,              0.0014179,              0.0014179,              0.0014179
                    149,                0.79928,                0.40626,                0.95631,                0.93302,                      1,                0.99063,                0.73048,                 1.0664,                0.44055,                 1.0295,              0.0014139,              0.0014139,              0.0014139
                    150,                0.76877,                0.38987,                0.96107,                0.99879,                      1,                  0.995,                0.75091,                 1.0831,                0.41292,                  1.045,                0.00141,                0.00141,                0.00141
                    151,                0.76984,                0.38575,                0.96208,                 0.9988,                      1,                  0.995,                0.74884,                 1.1048,                0.41584,                 1.0604,               0.001406,               0.001406,               0.001406
                    152,                0.72483,                0.36232,                0.94442,                0.99879,                      1,                  0.995,                0.74621,                  1.098,                0.39434,                 1.0574,               0.001402,               0.001402,               0.001402
                    153,                0.75577,                0.37802,                0.94887,                0.99862,                      1,                  0.995,                0.72489,                 1.0747,                0.39663,                 1.0406,              0.0013981,              0.0013981,              0.0013981
                    154,                0.75029,                 0.3821,                0.94331,                0.99854,                      1,                  0.995,                0.72952,                  1.091,                0.38573,                 1.0569,              0.0013941,              0.0013941,              0.0013941
                    155,                0.75124,                0.37662,                0.95143,                0.99816,                      1,                  0.995,                  0.723,                  1.119,                0.40695,                 1.0842,              0.0013902,              0.0013902,              0.0013902
                    156,                0.74879,                0.37416,                0.95647,                0.99989,                      1,                  0.995,                 0.7431,                 1.0755,                0.39908,                 1.0666,              0.0013862,              0.0013862,              0.0013862
                    157,                0.74529,                0.37221,                0.93829,                0.99893,                      1,                  0.995,                0.74415,                  1.122,                0.40014,                 1.0936,              0.0013822,              0.0013822,              0.0013822
                    158,                0.75095,                0.37242,                0.94481,                0.99905,                      1,                  0.995,                0.73678,                 1.1113,                0.39393,                 1.0833,              0.0013783,              0.0013783,              0.0013783
                    159,                0.73408,                0.36609,                0.93392,                0.99874,                      1,                  0.995,                0.72066,                 1.1905,                0.39673,                 1.1145,              0.0013743,              0.0013743,              0.0013743
                    160,                0.72661,                0.36512,                0.93841,                0.99876,                      1,                  0.995,                0.72708,                 1.1117,                0.41172,                 1.0747,              0.0013704,              0.0013704,              0.0013704
                    161,                 0.7514,                0.37495,                0.95958,                0.99883,                      1,                  0.995,                0.73831,                 1.1148,                0.40361,                 1.0734,              0.0013664,              0.0013664,              0.0013664
                    162,                0.73707,                 0.3638,                0.93462,                0.99899,                      1,                  0.995,                0.73771,                 1.1397,                 0.4044,                 1.0636,              0.0013624,              0.0013624,              0.0013624
                    163,                0.75111,                0.37183,                0.93685,                      1,                0.99935,                  0.995,                0.71595,                 1.1268,                0.40451,                 1.0602,              0.0013585,              0.0013585,              0.0013585
                    164,                0.70513,                0.34758,                0.91514,                      1,                0.99932,                  0.995,                0.71589,                 1.0912,                0.39025,                 1.0469,              0.0013545,              0.0013545,              0.0013545
                    165,                0.73026,                0.36755,                0.93794,                0.99863,                      1,                  0.995,                 0.7424,                 1.1262,                 0.4145,                  1.074,              0.0013506,              0.0013506,              0.0013506
                    166,                0.73717,                0.36415,                0.94446,                      1,                0.99939,                  0.995,                0.72526,                 1.1901,                0.42545,                 1.1152,              0.0013466,              0.0013466,              0.0013466
                    167,                 0.7677,                0.37649,                0.96067,                      1,                0.99902,                  0.995,                0.72528,                 1.1259,                0.41028,                  1.065,              0.0013426,              0.0013426,              0.0013426
                    168,                0.74759,                0.37656,                0.93994,                0.99899,                      1,                  0.995,                0.70858,                  1.155,                0.42335,                 1.1033,              0.0013387,              0.0013387,              0.0013387
                    169,                0.74945,                0.36653,                0.94504,                0.99864,                      1,                  0.995,                0.73558,                  1.116,                0.39611,                 1.0888,              0.0013347,              0.0013347,              0.0013347
                    170,                0.75436,                0.37443,                0.93781,                 0.9988,                      1,                  0.995,                0.70346,                 1.1076,                0.39594,                 1.0844,              0.0013308,              0.0013308,              0.0013308
                    171,                0.75294,                0.37358,                0.93446,                0.99937,                      1,                  0.995,                0.72148,                 1.1842,                 0.4094,                 1.1123,              0.0013268,              0.0013268,              0.0013268
                    172,                0.72282,                0.36807,                0.93269,                0.99871,                      1,                  0.995,                0.71516,                 1.1492,                0.39742,                 1.1024,              0.0013228,              0.0013228,              0.0013228
                    173,                0.73153,                0.37939,                0.94283,                0.99875,                      1,                  0.995,                0.74488,                 1.1057,                 0.4056,                 1.0672,              0.0013189,              0.0013189,              0.0013189
                    174,                0.73509,                 0.3612,                0.93531,                0.99896,                      1,                  0.995,                0.73585,                 1.0866,                0.38778,                 1.0599,              0.0013149,              0.0013149,              0.0013149
                    175,                 0.7396,                0.36987,                 0.9356,                      1,                0.99925,                  0.995,                0.73849,                 1.0915,                0.37813,                 1.0429,               0.001311,               0.001311,               0.001311
                    176,                0.72463,                0.35745,                0.93072,                      1,                0.99957,                  0.995,                0.70924,                 1.1439,                0.40608,                 1.0754,               0.001307,               0.001307,               0.001307
                    177,                0.73033,                0.36996,                0.94152,                0.99888,                      1,                  0.995,                 0.7439,                 1.0814,                0.38468,                 1.0442,               0.001303,               0.001303,               0.001303
                    178,                0.72809,                0.34794,                0.93431,                 0.9987,                      1,                  0.995,                0.73196,                 1.1157,                 0.3906,                 1.0771,              0.0012991,              0.0012991,              0.0012991
                    179,                0.70589,                0.34809,                0.92365,                0.99849,                      1,                  0.995,                0.73506,                 1.0861,                0.38642,                 1.0557,              0.0012951,              0.0012951,              0.0012951
                    180,                0.70178,                0.34808,                0.93435,                0.99888,                      1,                  0.995,                0.73844,                 1.1408,                0.41107,                  1.094,              0.0012912,              0.0012912,              0.0012912
                    181,                0.69461,                0.36041,                0.92581,                0.99876,                      1,                  0.995,                0.72054,                 1.1495,                0.40449,                 1.0858,              0.0012872,              0.0012872,              0.0012872
                    182,                0.70877,                0.35683,                0.92449,                0.99888,                      1,                  0.995,                0.71704,                  1.135,                0.40214,                 1.0757,              0.0012832,              0.0012832,              0.0012832
                    183,                0.73516,                0.36126,                0.94741,                0.99876,                      1,                  0.995,                0.74167,                 1.1261,                0.40257,                  1.068,              0.0012793,              0.0012793,              0.0012793
                    184,                 0.7246,                0.36147,                0.92235,                0.99872,                      1,                  0.995,                0.72975,                 1.1101,                0.39591,                 1.0447,              0.0012753,              0.0012753,              0.0012753
                    185,                0.73036,                0.37869,                0.92845,                      1,                0.99976,                  0.995,                0.74428,                 1.1267,                0.40486,                 1.0726,              0.0012714,              0.0012714,              0.0012714
                    186,                 0.7015,                0.35513,                0.93161,                0.99865,                0.98148,                0.99482,                0.74111,                 1.1121,                  0.428,                 1.0742,              0.0012674,              0.0012674,              0.0012674
                    187,                0.72908,                0.36526,                0.93859,                0.99878,                      1,                  0.995,                0.73625,                 1.1206,                0.39468,                  1.057,              0.0012634,              0.0012634,              0.0012634
                    188,                 0.7159,                0.35859,                0.91976,                 0.9968,                      1,                  0.995,                0.72327,                  1.115,                0.40322,                 1.0507,              0.0012595,              0.0012595,              0.0012595
                    189,                 0.7192,                0.35448,                0.93545,                0.99864,                      1,                  0.995,                0.74741,                 1.1205,                0.39354,                 1.0564,              0.0012555,              0.0012555,              0.0012555
                    190,                0.69242,                0.34436,                0.91698,                0.99875,                      1,                  0.995,                0.73959,                 1.1033,                0.38895,                 1.0486,              0.0012516,              0.0012516,              0.0012516
                    191,                0.68462,                0.34938,                0.92941,                0.99923,                      1,                  0.995,                0.71372,                 1.1458,                0.40008,                 1.0887,              0.0012476,              0.0012476,              0.0012476
                    192,                0.67883,                0.34079,                0.91219,                0.99918,                      1,                  0.995,                0.74253,                 1.1202,                0.40076,                 1.0707,              0.0012436,              0.0012436,              0.0012436
                    193,                0.67785,                0.34422,                0.90771,                0.99889,                      1,                  0.995,                0.75516,                 1.0831,                0.37131,                 1.0432,              0.0012397,              0.0012397,              0.0012397
                    194,                0.70951,                0.35701,                0.92206,                      1,                0.99989,                  0.995,                0.72205,                 1.1389,                0.40238,                 1.0876,              0.0012357,              0.0012357,              0.0012357
                    195,                0.73042,                0.35975,                0.93458,                 0.9999,                      1,                  0.995,                0.74929,                 1.0964,                0.37903,                 1.0558,              0.0012318,              0.0012318,              0.0012318
                    196,                0.70976,                0.34818,                0.92818,                0.99979,                      1,                  0.995,                0.72826,                 1.1447,                0.39943,                 1.0838,              0.0012278,              0.0012278,              0.0012278
                    197,                0.66029,                0.33678,                0.91456,                0.99792,                      1,                  0.995,                0.72705,                 1.1209,                0.39081,                 1.0669,              0.0012238,              0.0012238,              0.0012238
                    198,                0.70801,                 0.3495,                 0.9219,                0.99863,                      1,                  0.995,                0.73929,                 1.0993,                0.37996,                 1.0434,              0.0012199,              0.0012199,              0.0012199
                    199,                0.74876,                0.36413,                0.93649,                0.99852,                      1,                  0.995,                0.74947,                 1.1112,                0.38929,                 1.0596,              0.0012159,              0.0012159,              0.0012159
                    200,                0.69214,                0.35115,                0.92509,                0.99847,                      1,                  0.995,                0.74421,                 1.0833,                0.40074,                  1.054,               0.001212,               0.001212,               0.001212
                    201,                0.68075,                0.34791,                0.91712,                0.99807,                      1,                  0.995,                0.73743,                 1.1334,                0.39532,                 1.0765,               0.001208,               0.001208,               0.001208
                    202,                0.69109,                0.34738,                0.91502,                0.99853,                      1,                  0.995,                0.71651,                 1.1377,                0.38448,                 1.0811,               0.001204,               0.001204,               0.001204
                    203,                 0.7121,                0.35205,                0.92598,                0.99881,                      1,                  0.995,                0.71572,                 1.1582,                0.40657,                 1.0773,              0.0012001,              0.0012001,              0.0012001
                    204,                 0.6824,                0.34177,                0.91891,                0.99901,                      1,                  0.995,                0.72279,                 1.1211,                0.37605,                 1.0539,              0.0011961,              0.0011961,              0.0011961
                    205,                0.70468,                0.35705,                0.91189,                      1,                0.99973,                  0.995,                0.73709,                 1.1357,                0.39911,                 1.0577,              0.0011922,              0.0011922,              0.0011922
                    206,                0.72348,                0.36062,                0.91103,                0.99955,                      1,                  0.995,                0.74686,                 1.1012,                0.37427,                 1.0471,              0.0011882,              0.0011882,              0.0011882
                    207,                0.69457,                0.33702,                0.91148,                0.99854,                      1,                  0.995,                0.72424,                 1.1372,                0.38767,                 1.0782,              0.0011842,              0.0011842,              0.0011842
                    208,                0.68075,                0.34212,                0.91118,                0.99813,                      1,                  0.995,                0.74587,                 1.0958,                 0.3827,                 1.0674,              0.0011803,              0.0011803,              0.0011803
                    209,                0.67388,                 0.3407,                 0.9056,                0.99869,                      1,                  0.995,                0.73755,                 1.1102,                0.39475,                 1.0705,              0.0011763,              0.0011763,              0.0011763
                    210,                0.65153,                0.32626,                0.90684,                0.99883,                      1,                  0.995,                0.74521,                 1.0562,                0.37653,                 1.0348,              0.0011724,              0.0011724,              0.0011724
